customer_id,year,month,closing_balance
1,2020,1,312
1,2020,3,-952
2,2020,1,549
2,2020,3,61
3,2020,1,144
3,2020,2,-965
3,2020,3,-401
3,2020,4,493
4,2020,1,848
4,2020,3,-193
5,2020,1,954
5,2020,3,-2877
5,2020,4,-490
6,2020,1,733
6,2020,2,-785
6,2020,3,392
7,2020,1,964
7,2020,2,2209
7,2020,3,-640
7,2020,4,90
8,2020,1,587
8,2020,2,-180
8,2020,3,-464
8,2020,4,-972
9,2020,1,849
9,2020,2,-195
9,2020,3,930
9,2020,4,-722
10,2020,1,-1622
10,2020,2,280
10,2020,3,-1411
10,2020,4,-2337
11,2020,1,-1744
11,2020,2,-725
11,2020,3,381
11,2020,4,-328
12,2020,1,92
12,2020,3,203
13,2020,1,780
13,2020,2,499
13,2020,3,126
14,2020,1,205
14,2020,2,616
14,2020,4,168
15,2020,1,379
15,2020,4,723
16,2020,1,-1341
16,2020,2,-1552
16,2020,3,-1391
16,2020,4,862
17,2020,1,465
17,2020,2,-1357
18,2020,1,757
18,2020,2,-1181
18,2020,3,-418
18,2020,4,27
19,2020,1,-12
19,2020,2,-239
19,2020,3,-50
19,2020,4,343
20,2020,1,465
20,2020,2,54
20,2020,3,257
21,2020,1,-204
21,2020,2,-560
21,2020,3,-1110
21,2020,4,-1379
22,2020,1,235
22,2020,2,-1274
22,2020,3,890
22,2020,4,-1209
23,2020,1,94
23,2020,2,-408
23,2020,3,158
23,2020,4,-522
24,2020,1,615
24,2020,2,198
24,2020,3,-559
25,2020,1,174
25,2020,2,-574
25,2020,3,-820
25,2020,4,916
26,2020,1,638
26,2020,2,-669
26,2020,3,-591
26,2020,4,-1248
27,2020,1,-1189
27,2020,2,476
27,2020,3,-2403
28,2020,1,451
28,2020,2,-1269
28,2020,3,-410
28,2020,4,1500
29,2020,1,-138
29,2020,2,62
29,2020,3,907
29,2020,4,-1379
30,2020,1,33
30,2020,2,-464
30,2020,4,939
31,2020,1,83
31,2020,3,-224
32,2020,1,-89
32,2020,2,465
32,2020,3,-1219
32,2020,4,-158
33,2020,1,473
33,2020,2,-589
33,2020,3,1341
33,2020,4,-236
34,2020,1,976
34,2020,2,-1323
34,2020,3,162
35,2020,1,507
35,2020,2,-1328
35,2020,3,-342
36,2020,1,149
36,2020,2,141
36,2020,3,751
36,2020,4,-614
37,2020,1,85
37,2020,2,817
37,2020,3,-1971
37,2020,4,110
38,2020,1,367
38,2020,2,-832
38,2020,3,-333
38,2020,4,-448
39,2020,1,1429
39,2020,2,959
39,2020,3,72
39,2020,4,56
40,2020,1,347
40,2020,2,-52
40,2020,3,364
40,2020,4,-867
41,2020,1,-46
41,2020,2,1425
41,2020,3,2062
41,2020,4,-916
42,2020,1,447
42,2020,2,620
42,2020,3,-1954
42,2020,4,-999
43,2020,1,-201
43,2020,2,-205
43,2020,3,1275
43,2020,4,-324
44,2020,1,-690
44,2020,2,671
44,2020,4,-320
45,2020,1,940
45,2020,2,-2092
45,2020,3,1736
46,2020,1,522
46,2020,2,866
46,2020,3,-1308
46,2020,4,24
47,2020,1,-1153
47,2020,2,-130
47,2020,3,-1579
47,2020,4,-307
48,2020,1,-2368
48,2020,2,-604
48,2020,3,-773
49,2020,1,-397
49,2020,2,-197
49,2020,3,-1962
50,2020,1,931
50,2020,2,-1605
50,2020,3,949
50,2020,4,175
51,2020,1,301
51,2020,2,-398
51,2020,3,876
51,2020,4,585
52,2020,1,1140
52,2020,2,1472
53,2020,1,22
53,2020,2,188
53,2020,3,-938
53,2020,4,955
54,2020,1,1658
54,2020,2,-29
54,2020,3,-1096
54,2020,4,435
55,2020,1,380
55,2020,2,-790
55,2020,3,759
55,2020,4,-862
56,2020,1,-67
56,2020,2,-1579
56,2020,3,-429
56,2020,4,-1791
57,2020,1,414
57,2020,2,-515
57,2020,3,-765
58,2020,1,383
58,2020,2,1314
58,2020,3,-2893
58,2020,4,561
59,2020,1,924
59,2020,2,1266
59,2020,3,-538
59,2020,4,-854
60,2020,1,-189
60,2020,2,857
60,2020,3,-1413
60,2020,4,-424
61,2020,1,222
61,2020,2,101
61,2020,3,-2033
61,2020,4,-527
62,2020,1,-212
62,2020,3,-551
63,2020,1,-332
63,2020,2,-621
63,2020,3,-2993
64,2020,1,2332
64,2020,2,-778
64,2020,3,-1309
65,2020,1,25
65,2020,3,-475
65,2020,4,-931
66,2020,1,1971
66,2020,2,-479
66,2020,3,-2009
67,2020,1,1593
67,2020,2,972
67,2020,3,-515
67,2020,4,-828
68,2020,1,574
68,2020,2,-296
68,2020,3,-734
69,2020,1,23
69,2020,2,-1967
69,2020,3,-394
69,2020,4,-747
70,2020,1,-584
70,2020,2,521
70,2020,3,-1751
71,2020,1,128
71,2020,2,-801
71,2020,3,-592
72,2020,1,796
72,2020,2,-1599
72,2020,3,-877
72,2020,4,-647
73,2020,1,513
74,2020,1,229
74,2020,3,89
75,2020,1,234
75,2020,2,60
76,2020,1,925
76,2020,2,1156
76,2020,3,-1646
77,2020,1,120
77,2020,2,381
77,2020,3,296
78,2020,1,694
78,2020,2,-1456
78,2020,3,45
78,2020,4,-259
79,2020,1,521
79,2020,2,859
80,2020,1,795
80,2020,2,395
80,2020,3,-568
80,2020,4,-423
81,2020,1,403
81,2020,2,-1360
81,2020,3,-149
81,2020,4,-878
82,2020,1,-3912
82,2020,2,-74
82,2020,3,737
82,2020,4,-1365
83,2020,1,1099
83,2020,2,-1791
83,2020,3,-50
83,2020,4,365
84,2020,1,968
84,2020,3,-359
85,2020,1,467
85,2020,3,609
85,2020,4,-430
86,2020,1,872
86,2020,2,-1376
86,2020,3,597
87,2020,1,-365
87,2020,2,-1001
87,2020,3,-197
87,2020,4,368
88,2020,1,-35
88,2020,2,787
88,2020,3,-1488
88,2020,4,-84
89,2020,1,210
89,2020,2,-1889
89,2020,3,-974
89,2020,4,-494
90,2020,1,1772
90,2020,2,-3007
90,2020,3,-389
90,2020,4,-222
91,2020,1,-47
91,2020,2,-912
91,2020,3,-1701
91,2020,4,165
92,2020,1,985
92,2020,3,-843
93,2020,1,399
93,2020,2,704
93,2020,3,83
93,2020,4,-218
94,2020,1,-766
94,2020,2,-730
94,2020,3,-46
95,2020,1,217
95,2020,2,743
95,2020,3,486
96,2020,1,1048
96,2020,2,489
96,2020,3,-595
97,2020,1,623
97,2020,2,-863
97,2020,3,-2243
98,2020,1,622
98,2020,2,-335
98,2020,3,-382
98,2020,4,845
99,2020,1,949
99,2020,2,-189
99,2020,3,-23
100,2020,1,1081
100,2020,2,-1578
100,2020,3,-954
101,2020,1,-484
101,2020,2,-840
101,2020,3,-1349
102,2020,1,917
102,2020,2,511
102,2020,3,437
102,2020,4,-1219
103,2020,1,240
103,2020,2,-1090
103,2020,3,-1407
104,2020,1,615
104,2020,2,472
104,2020,3,103
105,2020,1,1014
105,2020,2,-848
105,2020,3,-139
105,2020,4,-213
106,2020,1,-109
106,2020,2,955
106,2020,3,-957
106,2020,4,-1351
107,2020,1,-144
107,2020,2,-546
108,2020,1,530
108,2020,2,208
108,2020,3,808
108,2020,4,1134
109,2020,1,429
109,2020,2,2062
110,2020,1,1258
110,2020,2,-60
110,2020,3,1035
111,2020,1,101
111,2020,2,362
111,2020,3,-364
112,2020,1,945
112,2020,2,-52
112,2020,3,-1009
113,2020,1,-511
113,2020,2,573
113,2020,3,-50
113,2020,4,-1152
114,2020,1,743
114,2020,3,-574
114,2020,4,974
115,2020,1,144
115,2020,2,-989
115,2020,3,1729
115,2020,4,-925
116,2020,1,167
116,2020,2,-114
116,2020,3,490
116,2020,4,-213
117,2020,1,-25
117,2020,2,-191
117,2020,3,-490
118,2020,1,-683
118,2020,2,170
118,2020,3,-914
119,2020,1,62
119,2020,3,-969
119,2020,4,417
120,2020,1,824
120,2020,2,1089
120,2020,3,-2813
120,2020,4,-565
121,2020,1,1992
121,2020,2,-696
121,2020,3,-1721
122,2020,1,314
122,2020,2,-62
122,2020,3,1095
122,2020,4,-281
123,2020,1,-717
123,2020,2,-1560
123,2020,3,693
123,2020,4,-544
124,2020,1,731
124,2020,2,1147
124,2020,3,-577
125,2020,1,-791
125,2020,2,-1688
125,2020,3,43
126,2020,1,-786
126,2020,2,70
126,2020,3,-2106
127,2020,1,217
127,2020,2,486
127,2020,4,969
128,2020,1,410
128,2020,2,-266
128,2020,3,-920
128,2020,4,574
129,2020,1,466
129,2020,2,-1262
129,2020,3,864
129,2020,4,-2075
130,2020,1,-248
130,2020,2,-912
130,2020,3,1292
131,2020,1,480
131,2020,2,-1463
131,2020,3,831
132,2020,1,-1254
132,2020,2,-1590
132,2020,3,-2412
132,2020,4,-329
133,2020,1,-356
133,2020,2,-12
134,2020,1,3194
134,2020,2,-446
134,2020,3,-980
135,2020,1,104
135,2020,2,873
135,2020,3,24
136,2020,1,479
136,2020,2,487
136,2020,3,-583
136,2020,4,-516
137,2020,1,396
137,2020,2,-752
138,2020,1,1316
138,2020,2,-996
138,2020,3,-245
138,2020,4,-850
139,2020,1,44
139,2020,2,460
139,2020,3,33
140,2020,1,803
140,2020,2,723
140,2020,3,819
140,2020,4,-850
141,2020,1,-369
141,2020,2,1852
141,2020,3,630
141,2020,4,425
142,2020,1,1378
142,2020,2,-938
142,2020,3,-223
142,2020,4,646
143,2020,1,807
143,2020,2,818
143,2020,3,-1599
143,2020,4,-2483
144,2020,1,-735
144,2020,2,-2545
144,2020,3,234
144,2020,4,-1349
145,2020,1,-3051
145,2020,2,1081
145,2020,3,-2149
146,2020,1,-807
146,2020,2,-2460
146,2020,3,-514
146,2020,4,64
147,2020,1,600
147,2020,2,1098
148,2020,1,88
148,2020,2,-2555
148,2020,3,391
148,2020,4,-654
149,2020,1,344
149,2020,2,-23
149,2020,3,-523
150,2020,1,-600
150,2020,2,-912
150,2020,3,-92
150,2020,4,-825
151,2020,1,1367
151,2020,2,-1362
151,2020,3,-892
152,2020,1,1831
152,2020,2,71
152,2020,3,82
153,2020,1,-1954
153,2020,2,1178
153,2020,3,-919
154,2020,1,-1392
154,2020,2,-948
154,2020,3,236
154,2020,4,-451
155,2020,1,-996
155,2020,2,-1945
155,2020,3,-436
155,2020,4,-1153
156,2020,1,82
156,2020,4,230
157,2020,1,138
157,2020,2,-749
157,2020,3,3377
158,2020,1,56
158,2020,2,-192
158,2020,3,-970
159,2020,1,-301
160,2020,1,843
160,2020,2,-300
160,2020,3,-612
160,2020,4,-238
161,2020,1,-1121
161,2020,2,160
161,2020,3,670
162,2020,1,123
162,2020,2,661
163,2020,1,-73
163,2020,2,-255
163,2020,3,-2788
163,2020,4,61
164,2020,1,548
164,2020,2,409
165,2020,1,-61
165,2020,2,-1027
165,2020,3,-2613
165,2020,4,-230
166,2020,1,957
166,2020,2,589
166,2020,3,-243
166,2020,4,480
167,2020,1,51
167,2020,2,523
167,2020,3,-1140
167,2020,4,-182
168,2020,1,114
168,2020,2,-915
169,2020,1,-569
169,2020,2,-621
169,2020,3,1199
169,2020,4,897
170,2020,1,-38
170,2020,2,-335
170,2020,3,236
170,2020,4,-713
171,2020,1,-197
171,2020,2,-1203
171,2020,3,-521
171,2020,4,1010
172,2020,1,-174
172,2020,3,-864
173,2020,1,1298
173,2020,2,100
173,2020,3,-486
173,2020,4,-791
174,2020,1,1142
174,2020,2,-1240
174,2020,3,-1037
174,2020,4,1779
175,2020,1,-326
175,2020,2,-429
175,2020,3,-1067
175,2020,4,273
176,2020,1,655
176,2020,2,-50
176,2020,3,-1136
176,2020,4,-536
177,2020,1,405
177,2020,2,-561
177,2020,3,956
177,2020,4,-1774
178,2020,1,252
178,2020,2,135
178,2020,3,3
178,2020,4,-2373
179,2020,1,-1754
179,2020,2,-1632
179,2020,3,-4567
180,2020,1,-838
180,2020,2,-970
180,2020,3,-996
180,2020,4,-371
181,2020,1,-47
181,2020,2,-796
181,2020,3,-1797
182,2020,1,97
182,2020,2,-142
182,2020,3,-798
182,2020,4,684
183,2020,1,-540
183,2020,2,-3189
183,2020,3,-2354
183,2020,4,-477
184,2020,1,472
184,2020,2,-803
184,2020,3,-2199
184,2020,4,-648
185,2020,1,626
185,2020,2,-637
185,2020,3,-990
185,2020,4,496
186,2020,1,534
186,2020,2,811
186,2020,3,585
186,2020,4,-646
187,2020,1,-211
187,2020,2,-1168
187,2020,3,-1681
187,2020,4,788
188,2020,1,-184
188,2020,2,1197
188,2020,3,-961
188,2020,4,-527
189,2020,1,-838
189,2020,2,-1263
189,2020,3,-1906
190,2020,1,14
190,2020,2,445
190,2020,3,64
190,2020,4,655
191,2020,1,1632
191,2020,2,-326
191,2020,3,-270
191,2020,4,-157
192,2020,1,2526
192,2020,2,-3215
192,2020,3,1072
192,2020,4,756
193,2020,1,689
193,2020,3,-203
194,2020,1,137
194,2020,2,-2348
194,2020,3,2389
194,2020,4,-875
195,2020,1,489
195,2020,3,-83
196,2020,1,734
196,2020,2,561
196,2020,3,87
197,2020,1,-446
197,2020,2,583
197,2020,3,886
197,2020,4,2662
198,2020,1,1144
198,2020,2,-856
198,2020,3,-1541
198,2020,4,496
199,2020,1,530
199,2020,2,-15
199,2020,3,-529
199,2020,4,-206
200,2020,1,997
200,2020,2,359
200,2020,3,1558
200,2020,4,-61
201,2020,1,-383
201,2020,2,91
201,2020,3,1821
202,2020,1,-530
202,2020,2,-386
202,2020,3,-1499
203,2020,1,2528
203,2020,2,943
203,2020,3,-10
203,2020,4,-24
204,2020,1,749
204,2020,2,290
204,2020,3,548
204,2020,4,306
205,2020,1,-82
205,2020,2,1293
205,2020,3,-144
206,2020,1,-215
206,2020,2,-734
206,2020,3,-4025
206,2020,4,-400
207,2020,1,322
207,2020,2,-2276
207,2020,3,-198
207,2020,4,1138
208,2020,1,537
208,2020,2,-131
208,2020,4,955
209,2020,1,-202
209,2020,2,-564
209,2020,3,-500
209,2020,4,-1085
210,2020,1,60
210,2020,2,-1421
210,2020,3,52
210,2020,4,517
211,2020,1,607
211,2020,2,1232
211,2020,3,-1582
211,2020,4,-859
212,2020,1,-336
212,2020,2,817
212,2020,3,3048
213,2020,1,-239
213,2020,2,-960
213,2020,3,15
213,2020,4,-533
214,2020,1,-445
214,2020,2,-1066
214,2020,3,1594
214,2020,4,719
215,2020,1,822
215,2020,2,948
215,2020,3,-1073
215,2020,4,-283
216,2020,1,1619
216,2020,2,1683
216,2020,3,-2430
216,2020,4,-982
217,2020,1,870
217,2020,2,969
217,2020,3,-1830
218,2020,1,208
218,2020,2,-1828
218,2020,3,1155
218,2020,4,1632
219,2020,1,165
219,2020,2,-1010
219,2020,3,1953
219,2020,4,-802
220,2020,1,307
220,2020,2,407
220,2020,3,-743
220,2020,4,-929
221,2020,1,1384
221,2020,2,97
221,2020,3,-426
222,2020,1,657
222,2020,2,1340
222,2020,3,-861
222,2020,4,396
223,2020,1,396
223,2020,2,-1496
223,2020,3,-623
223,2020,4,-712
224,2020,1,487
224,2020,2,-693
224,2020,3,-1375
224,2020,4,212
225,2020,1,280
225,2020,2,-369
225,2020,3,386
226,2020,1,-980
226,2020,2,394
226,2020,3,-1269
226,2020,4,425
227,2020,1,-622
227,2020,2,-423
227,2020,3,-1291
227,2020,4,-825
228,2020,1,294
228,2020,2,-547
228,2020,3,-1471
229,2020,1,621
229,2020,2,997
229,2020,3,-915
230,2020,1,499
230,2020,2,491
230,2020,3,1438
230,2020,4,-72
231,2020,1,-236
231,2020,2,-298
231,2020,3,-1476
231,2020,4,-465
232,2020,1,1418
232,2020,2,-554
232,2020,3,59
233,2020,1,1795
233,2020,2,1115
233,2020,3,832
234,2020,1,-200
234,2020,2,522
234,2020,3,-2598
235,2020,1,-1963
235,2020,2,1487
235,2020,3,500
236,2020,1,356
236,2020,2,703
236,2020,3,-135
236,2020,4,-1024
237,2020,1,-174
237,2020,2,310
237,2020,3,1431
237,2020,4,-755
238,2020,1,802
238,2020,2,468
238,2020,4,-1749
239,2020,1,-10
239,2020,2,716
239,2020,3,-132
239,2020,4,1297
240,2020,1,1108
240,2020,2,-354
240,2020,3,2446
240,2020,4,-125
241,2020,1,20
242,2020,1,1143
242,2020,2,-1605
242,2020,3,-1429
242,2020,4,-1443
243,2020,1,-368
243,2020,3,1347
244,2020,1,728
244,2020,2,1024
244,2020,3,178
244,2020,4,-1053
245,2020,1,76
245,2020,2,-417
245,2020,3,-1450
245,2020,4,770
246,2020,1,506
246,2020,2,78
246,2020,3,-307
246,2020,4,-2409
247,2020,1,983
247,2020,2,-406
247,2020,3,-280
248,2020,1,304
248,2020,2,363
248,2020,3,288
248,2020,4,233
249,2020,1,336
249,2020,3,729
249,2020,4,-170
250,2020,1,149
250,2020,2,-149
250,2020,3,177
250,2020,4,-1732
251,2020,1,1276
251,2020,2,-2200
251,2020,3,-306
251,2020,4,-653
252,2020,1,289
252,2020,4,-156
253,2020,1,-578
253,2020,2,1
253,2020,3,120
253,2020,4,-27
254,2020,1,36
254,2020,2,-2919
254,2020,3,2293
255,2020,1,253
255,2020,2,-124
255,2020,3,-677
256,2020,1,1743
256,2020,2,-837
256,2020,3,246
256,2020,4,-58
257,2020,1,414
257,2020,2,-2023
257,2020,3,1137
257,2020,4,-504
258,2020,1,590
258,2020,2,-1666
258,2020,3,-1817
258,2020,4,1428
259,2020,1,928
259,2020,2,-1195
259,2020,3,-1191
260,2020,1,1865
260,2020,3,44
261,2020,1,746
261,2020,2,662
261,2020,3,-1737
261,2020,4,298
262,2020,1,-1070
262,2020,2,-1529
262,2020,3,227
263,2020,1,312
263,2020,2,-200
263,2020,4,658
264,2020,1,770
264,2020,2,775
264,2020,3,543
264,2020,4,-793
265,2020,1,-25
265,2020,2,-1456
265,2020,3,-1111
265,2020,4,644
266,2020,1,651
266,2020,2,804
266,2020,3,-668
266,2020,4,351
267,2020,1,-193
267,2020,2,-1875
267,2020,3,-3168
267,2020,4,2794
268,2020,1,1699
268,2020,2,-1576
268,2020,3,147
268,2020,4,-488
269,2020,1,-2665
269,2020,2,-1320
269,2020,3,1515
269,2020,4,606
270,2020,1,1395
270,2020,2,-434
270,2020,3,-362
270,2020,4,-1041
271,2020,1,-1586
271,2020,2,1858
271,2020,3,-888
271,2020,4,796
272,2020,1,-228
272,2020,2,-1445
272,2020,4,-96
273,2020,1,876
273,2020,2,-743
273,2020,3,-311
273,2020,4,486
274,2020,1,-780
274,2020,2,198
274,2020,3,706
275,2020,1,211
275,2020,2,-1536
275,2020,3,-1648
275,2020,4,-196
276,2020,1,-851
276,2020,2,55
276,2020,3,-1148
277,2020,1,615
277,2020,2,796
277,2020,3,454
278,2020,1,1309
278,2020,2,414
278,2020,3,303
278,2020,4,1528
279,2020,1,1895
279,2020,2,1746
279,2020,3,542
279,2020,4,-80
280,2020,1,-87
280,2020,2,-98
280,2020,3,-188
281,2020,1,220
281,2020,2,835
281,2020,3,1137
281,2020,4,812
282,2020,1,74
282,2020,2,-787
282,2020,3,-948
282,2020,4,350
283,2020,1,-1201
283,2020,2,-1617
283,2020,3,-2903
283,2020,4,-1424
284,2020,1,257
284,2020,2,-2859
284,2020,3,-224
284,2020,4,-553
285,2020,1,360
285,2020,2,998
285,2020,3,607
286,2020,1,177
286,2020,2,-6
287,2020,1,658
287,2020,2,171
287,2020,3,57
287,2020,4,-1292
288,2020,1,778
288,2020,2,-1645
288,2020,3,352
289,2020,1,838
289,2020,2,-1045
289,2020,3,-727
289,2020,4,-125
290,2020,1,785
290,2020,2,354
290,2020,3,922
290,2020,4,-2040
291,2020,1,930
291,2020,4,-399
292,2020,1,-3458
292,2020,2,-1188
292,2020,3,-114
293,2020,1,-383
293,2020,2,-1069
293,2020,3,-318
293,2020,4,-730
294,2020,1,307
294,2020,2,1250
294,2020,3,-850
295,2020,1,636
295,2020,2,-140
295,2020,3,934
295,2020,4,-1607
296,2020,1,191
296,2020,2,961
296,2020,3,157
296,2020,4,911
297,2020,1,550
297,2020,2,35
297,2020,3,419
297,2020,4,278
298,2020,1,278
298,2020,2,-858
298,2020,3,1347
298,2020,4,722
299,2020,1,961
299,2020,2,285
299,2020,3,-1176
300,2020,1,672
300,2020,2,-1621
300,2020,3,-1425
300,2020,4,-805
301,2020,1,-906
301,2020,2,-1071
301,2020,3,-1659
301,2020,4,107
302,2020,1,-1499
302,2020,2,-578
302,2020,3,-333
302,2020,4,615
303,2020,1,332
303,2020,2,133
303,2020,3,-1094
303,2020,4,-31
304,2020,1,152
304,2020,2,-1512
304,2020,3,-1060
304,2020,4,373
305,2020,1,20
305,2020,2,169
305,2020,3,-245
306,2020,1,402
306,2020,3,-402
306,2020,4,1565
307,2020,1,-696
307,2020,2,1446
307,2020,3,-225
307,2020,4,-463
308,2020,1,-561
308,2020,2,877
308,2020,3,394
308,2020,4,261
309,2020,1,-363
309,2020,2,-2041
309,2020,3,591
309,2020,4,853
310,2020,1,860
310,2020,2,-704
310,2020,3,2910
311,2020,1,310
311,2020,2,696
311,2020,3,-1961
311,2020,4,-100
312,2020,1,485
312,2020,2,171
312,2020,3,-1721
312,2020,4,-1253
313,2020,1,901
313,2020,2,71
313,2020,3,-2283
313,2020,4,1277
314,2020,1,448
314,2020,2,-1081
314,2020,3,724
314,2020,4,-340
315,2020,1,1295
315,2020,2,54
315,2020,3,938
316,2020,1,184
316,2020,2,-2667
316,2020,3,-816
317,2020,1,869
317,2020,2,363
317,2020,4,-237
318,2020,1,321
318,2020,2,-663
318,2020,3,-1306
319,2020,1,83
319,2020,2,-786
319,2020,3,215
320,2020,1,2426
320,2020,2,-517
320,2020,3,330
320,2020,4,612
321,2020,1,243
321,2020,2,-456
321,2020,4,785
322,2020,1,1949
322,2020,2,522
322,2020,3,-660
323,2020,1,1323
323,2020,2,-3203
323,2020,3,-2316
323,2020,4,-1025
324,2020,1,203
324,2020,2,764
324,2020,3,503
325,2020,1,60
325,2020,2,-1938
325,2020,3,16
326,2020,1,-211
326,2020,2,628
327,2020,1,919
327,2020,3,-1083
328,2020,1,-1232
328,2020,2,-2194
328,2020,3,-1277
328,2020,4,144
329,2020,1,831
329,2020,2,-829
329,2020,3,-628
329,2020,4,1362
330,2020,1,826
330,2020,2,273
330,2020,3,-1765
330,2020,4,-808
331,2020,1,-54
331,2020,2,-119
331,2020,3,-776
332,2020,1,202
332,2020,2,357
332,2020,3,-65
332,2020,4,176
333,2020,1,-229
333,2020,2,102
333,2020,3,694
333,2020,4,353
334,2020,1,1177
334,2020,2,1547
334,2020,3,-299
334,2020,4,-811
335,2020,1,570
335,2020,2,-924
335,2020,3,777
336,2020,1,543
336,2020,2,-1138
336,2020,3,730
336,2020,4,464
337,2020,1,-264
337,2020,2,434
337,2020,3,1280
337,2020,4,-136
338,2020,1,262
338,2020,2,271
338,2020,3,2234
338,2020,4,-1503
339,2020,1,-780
339,2020,2,1868
339,2020,3,-463
340,2020,1,-1086
340,2020,2,1362
340,2020,3,283
340,2020,4,831
341,2020,1,345
341,2020,2,-1218
341,2020,3,-1260
341,2020,4,39
342,2020,1,347
342,2020,2,-632
342,2020,3,788
342,2020,4,-638
343,2020,1,1339
343,2020,2,314
343,2020,3,188
344,2020,1,-932
344,2020,2,1437
344,2020,3,970
345,2020,1,-100
345,2020,2,-550
345,2020,3,-1638
346,2020,1,916
346,2020,2,-1968
346,2020,4,-2750
347,2020,1,394
347,2020,2,-1169
347,2020,3,-993
348,2020,1,-771
348,2020,2,885
348,2020,3,-269
348,2020,4,203
349,2020,1,-844
349,2020,2,-196
349,2020,3,2349
349,2020,4,655
350,2020,1,2200
350,2020,2,-1120
350,2020,3,-1254
350,2020,4,-1059
351,2020,1,90
351,2020,2,-1623
351,2020,3,-327
352,2020,1,416
352,2020,2,-2028
352,2020,3,-162
352,2020,4,-495
353,2020,1,-555
353,2020,2,-1264
353,2020,3,1303
354,2020,1,822
354,2020,3,-664
355,2020,1,-245
355,2020,2,51
355,2020,3,-943
355,2020,4,285
356,2020,1,-1870
356,2020,2,-2059
356,2020,3,-2589
356,2020,4,-364
357,2020,1,780
357,2020,2,98
357,2020,3,-382
357,2020,4,-684
358,2020,1,-1062
358,2020,2,443
358,2020,3,-264
358,2020,4,175
359,2020,1,890
359,2020,2,394
359,2020,3,1875
359,2020,4,-281
360,2020,1,-1306
360,2020,2,879
360,2020,3,-828
360,2020,4,931
361,2020,1,340
361,2020,2,432
362,2020,1,416
362,2020,2,65
362,2020,3,-1045
362,2020,4,1179
363,2020,1,977
363,2020,2,-1595
363,2020,3,-2447
363,2020,4,179
364,2020,1,-57
364,2020,2,-399
364,2020,3,1629
364,2020,4,-362
365,2020,1,-68
365,2020,2,312
365,2020,3,-319
365,2020,4,-685
366,2020,1,-51
366,2020,2,-42
366,2020,3,-1212
366,2020,4,209
367,2020,1,239
367,2020,2,-706
367,2020,3,-2634
367,2020,4,1404
368,2020,1,-526
368,2020,2,-2964
368,2020,3,2014
368,2020,4,-1384
369,2020,1,266
369,2020,3,1413
370,2020,1,-2295
370,2020,2,660
370,2020,3,324
370,2020,4,-185
371,2020,1,-134
371,2020,2,-20
371,2020,3,149
371,2020,4,-1238
372,2020,1,2718
372,2020,2,-1477
372,2020,3,-2866
373,2020,1,493
373,2020,2,-216
373,2020,3,780
373,2020,4,394
374,2020,1,-457
374,2020,2,-835
374,2020,3,446
375,2020,1,647
375,2020,2,-319
375,2020,3,-768
375,2020,4,-851
376,2020,1,1614
376,2020,2,901
376,2020,3,547
377,2020,1,252
377,2020,2,-434
377,2020,4,-603
378,2020,1,484
378,2020,2,1940
378,2020,3,-834
379,2020,1,-35
379,2020,2,-233
379,2020,4,-938
380,2020,1,-849
380,2020,2,-632
380,2020,3,-2181
381,2020,1,66
381,2020,2,926
381,2020,3,-714
381,2020,4,-875
382,2020,1,-687
382,2020,2,-508
382,2020,3,54
383,2020,1,-36
383,2020,2,971
383,2020,3,-1552
383,2020,4,1530
384,2020,1,-10
384,2020,2,-2476
384,2020,3,-41
385,2020,1,-1174
385,2020,3,-3519
385,2020,4,-168
386,2020,1,1108
386,2020,2,-349
386,2020,3,-1525
386,2020,4,-3071
387,2020,1,1069
387,2020,3,1482
387,2020,4,-97
388,2020,1,2243
388,2020,2,-1117
388,2020,3,472
388,2020,4,-222
389,2020,1,-27
389,2020,2,517
389,2020,3,724
389,2020,4,791
390,2020,1,-705
390,2020,2,-1333
390,2020,3,109
390,2020,4,-872
391,2020,1,603
391,2020,2,-601
391,2020,3,270
391,2020,4,-362
392,2020,1,816
392,2020,2,1218
392,2020,3,-536
392,2020,4,-245
393,2020,1,659
393,2020,2,-541
393,2020,3,1382
393,2020,4,-861
394,2020,1,3268
394,2020,2,-624
394,2020,3,-1224
395,2020,1,-1782
395,2020,2,868
395,2020,3,11
395,2020,4,-820
396,2020,1,-909
396,2020,2,359
396,2020,3,-2298
397,2020,1,973
397,2020,2,133
397,2020,3,603
398,2020,1,-429
398,2020,2,-2742
398,2020,3,-230
399,2020,1,593
399,2020,2,-894
399,2020,3,-1187
399,2020,4,-229
400,2020,1,155
400,2020,2,-564
400,2020,4,1747
401,2020,1,102
401,2020,2,-127
401,2020,3,108
402,2020,1,1478
402,2020,2,121
402,2020,3,-803
403,2020,1,303
403,2020,3,684
403,2020,4,60
404,2020,1,-245
404,2020,2,-102
404,2020,3,-2137
405,2020,1,-2897
405,2020,2,-1228
405,2020,3,-2757
405,2020,4,-188
406,2020,1,795
406,2020,2,336
406,2020,3,1466
406,2020,4,-318
407,2020,1,7
407,2020,2,39
407,2020,3,-946
407,2020,4,-2375
408,2020,1,-145
408,2020,3,945
408,2020,4,-932
409,2020,1,155
409,2020,2,1216
409,2020,3,1084
409,2020,4,168
410,2020,1,1025
410,2020,2,-826
410,2020,3,-251
411,2020,1,551
411,2020,4,-1532
412,2020,1,722
412,2020,2,-114
413,2020,1,642
413,2020,2,430
413,2020,4,-271
414,2020,1,439
414,2020,3,1479
415,2020,1,331
415,2020,2,-917
415,2020,3,-3701
416,2020,1,756
416,2020,2,959
416,2020,3,1609
416,2020,4,574
417,2020,1,707
417,2020,2,-1786
417,2020,3,-461
417,2020,4,-307
418,2020,1,-499
418,2020,2,-497
418,2020,3,-628
418,2020,4,-204
419,2020,1,1193
419,2020,2,-1070
419,2020,3,-1403
420,2020,1,-280
420,2020,2,-1837
420,2020,3,-340
420,2020,4,379
421,2020,1,-741
421,2020,2,170
421,2020,3,158
421,2020,4,725
422,2020,1,356
422,2020,2,-2017
422,2020,3,615
422,2020,4,-2311
423,2020,1,361
423,2020,2,-623
423,2020,3,1583
424,2020,1,-595
424,2020,2,-53
424,2020,3,-292
424,2020,4,626
425,2020,1,63
425,2020,2,-568
425,2020,3,562
425,2020,4,-778
426,2020,1,-880
426,2020,2,-2922
426,2020,3,-550
426,2020,4,-1000
427,2020,1,588
427,2020,2,717
427,2020,3,-629
427,2020,4,-992
428,2020,1,280
428,2020,2,407
428,2020,3,530
429,2020,1,82
429,2020,2,391
429,2020,3,-519
429,2020,4,-855
430,2020,1,-8
430,2020,2,411
430,2020,3,-1729
431,2020,1,-400
431,2020,2,-739
432,2020,1,392
432,2020,2,594
432,2020,3,-23
432,2020,4,1472
433,2020,1,883
433,2020,2,403
433,2020,3,-626
434,2020,1,1123
434,2020,2,-1240
434,2020,3,-2249
434,2020,4,551
435,2020,1,-1329
435,2020,2,1291
435,2020,3,-1138
436,2020,1,917
436,2020,2,-31
436,2020,3,-1562
437,2020,1,-361
437,2020,2,-1176
437,2020,3,219
437,2020,4,184
438,2020,1,1317
438,2020,2,1496
438,2020,3,-1390
439,2020,1,430
439,2020,3,-811
439,2020,4,699
440,2020,1,-123
440,2020,2,269
440,2020,3,344
441,2020,1,-329
441,2020,2,1074
441,2020,3,-1414
441,2020,4,-129
442,2020,1,142
442,2020,2,-3040
442,2020,3,-1622
442,2020,4,-979
443,2020,1,760
443,2020,2,-50
443,2020,3,-1069
443,2020,4,348
444,2020,1,83
444,2020,2,-1261
444,2020,3,679
444,2020,4,-321
445,2020,1,1364
445,2020,2,-470
445,2020,3,-170
445,2020,4,-412
446,2020,1,412
446,2020,3,-465
446,2020,4,458
447,2020,1,1195
447,2020,2,-1154
447,2020,3,-1331
448,2020,1,1360
448,2020,2,-2269
448,2020,3,-1133
448,2020,4,-376
449,2020,1,-3100
449,2020,2,-828
449,2020,3,883
450,2020,1,469
450,2020,2,-628
450,2020,3,-578
450,2020,4,701
451,2020,1,910
451,2020,2,-2223
451,2020,3,668
451,2020,4,-111
452,2020,1,1360
452,2020,2,294
452,2020,3,-41
453,2020,1,638
453,2020,2,173
453,2020,3,-1406
453,2020,4,712
454,2020,1,11
454,2020,2,2152
454,2020,3,-62
455,2020,1,329
455,2020,3,-560
456,2020,1,1314
456,2020,2,-570
456,2020,3,-799
456,2020,4,67
457,2020,1,195
457,2020,2,-429
457,2020,3,-480
457,2020,4,-4
458,2020,1,715
458,2020,2,-1368
459,2020,1,246
459,2020,2,-3158
459,2020,3,78
460,2020,1,80
460,2020,2,-1238
460,2020,3,-17
460,2020,4,848
461,2020,1,2267
461,2020,2,1164
461,2020,3,-219
462,2020,1,907
462,2020,2,-917
462,2020,3,-821
462,2020,4,-564
463,2020,1,1166
463,2020,2,-854
463,2020,3,361
463,2020,4,-393
464,2020,1,953
464,2020,3,-1464
464,2020,4,-983
465,2020,1,955
465,2020,2,1034
465,2020,3,-483
465,2020,4,-156
466,2020,1,80
466,2020,2,-2059
466,2020,3,-134
467,2020,1,1994
467,2020,2,1588
467,2020,3,-828
467,2020,4,-1564
468,2020,1,39
468,2020,2,-194
468,2020,3,-762
469,2020,1,386
469,2020,2,1775
469,2020,3,-2963
469,2020,4,-735
470,2020,1,377
470,2020,2,-688
471,2020,1,781
471,2020,3,457
471,2020,4,649
472,2020,1,811
472,2020,2,-926
472,2020,3,147
472,2020,4,186
473,2020,1,-183
473,2020,2,-681
473,2020,3,-2766
473,2020,4,-2142
474,2020,1,928
474,2020,2,-789
474,2020,3,-398
475,2020,1,-673
475,2020,2,-1293
475,2020,3,-3107
476,2020,1,-476
476,2020,2,-1527
476,2020,3,-1362
476,2020,4,-1607
477,2020,1,-3034
477,2020,2,-1558
477,2020,3,-1946
478,2020,1,-712
478,2020,2,2990
478,2020,3,-191
479,2020,1,320
479,2020,2,-647
479,2020,3,840
480,2020,1,522
480,2020,3,-757
480,2020,4,70
481,2020,1,-1396
481,2020,2,-1509
481,2020,3,-489
482,2020,1,386
482,2020,2,-1073
482,2020,3,-569
483,2020,1,2038
483,2020,3,-2227
483,2020,4,1519
484,2020,1,871
484,2020,3,925
485,2020,1,16
485,2020,2,1491
485,2020,3,695
486,2020,1,-1632
486,2020,2,-618
486,2020,3,-858
487,2020,1,-572
487,2020,2,884
487,2020,3,-150
487,2020,4,-492
488,2020,1,-243
488,2020,2,540
488,2020,3,-709
488,2020,4,221
489,2020,1,556
489,2020,2,1252
489,2020,3,1534
489,2020,4,1996
490,2020,1,271
490,2020,2,71
490,2020,4,-318
491,2020,1,-3
491,2020,2,301
491,2020,3,-2617
492,2020,1,-738
492,2020,2,-661
492,2020,3,-734
493,2020,1,845
493,2020,2,-1669
493,2020,4,86
494,2020,1,529
494,2020,2,380
494,2020,3,538
495,2020,1,-286
495,2020,2,-1152
495,2020,3,1349
496,2020,1,47
496,2020,2,-3123
496,2020,3,650
497,2020,1,754
497,2020,2,249
497,2020,3,736
497,2020,4,941
498,2020,1,1360
498,2020,2,835
498,2020,3,794
498,2020,4,499
499,2020,1,-304
499,2020,2,1719
499,2020,3,-816
500,2020,1,1594
500,2020,2,1387
500,2020,3,-730
